{"cameraMode":{"drawMode":0,"name":"Shaded","section":"Shading Mode"},"sceneLighting":true,"audioPlay":false,"sceneViewState":{"showFog":true,"showMaterialUpdate":false,"showSkybox":true,"showFlares":true,"showImageEffects":true,"showParticleSystems":true},"in2DMode":false,"pivot":{"x":0.2897176742553711,"y":-1.2600531578063965,"z":2.8923652172088625},"rotation":{"x":0.1421828418970108,"y":0.4169986844062805,"z":-0.06622578948736191,"w":0.8952710628509522},"size":1.2480039596557618,"orthographic":false}